k,training_rows,silhouette_rows,silhouette,calinski_harabasz,davies_bouldin
2,1547896,5000,0.484175074210979,1887967.7898493812,0.7719099878862463
3,1547896,5000,0.4757184931866152,2112549.4117249115,0.7158849496268084
4,1547896,5000,0.41451813300201446,2178391.113810547,0.7659059245369032
5,1547896,5000,0.385227683861899,2193985.3465363644,0.8103756759545986
6,1547896,5000,0.37334698945029315,2149874.156703057,0.8240969450759392
7,1547896,5000,0.3497245833232674,2098604.842116144,0.8550785535716029
8,1547896,5000,0.35974074287394026,2084178.1733938735,0.8458002522508423
9,1547896,5000,0.3530011829102252,2067065.2516337465,0.828156169420008
10,1547896,5000,0.347569516620202,2052013.6531013108,0.8499277156922819
